Job Title,Company,Location
INDIAN COOK OR CHEF REQUIRED,KM SONS PTY LTD,Auburn NSW 2144
Cook | Merivale,Merivale,Sydney NSW+2 locations
Chefs/Cooks/Kitchen Hands wanted for new cafe opening in Hor...,Plume,Hornsby NSW 2077
Assistant Cook,Anglicare,Sydney NSW
Cook & Chef Positions Available,Ray's Place Cafe,Willoughby NSW 2068
Cook CHCK,NSW Government -Calvary Health Care Kogarah,Sydney NSW
Epicurean - Indian Cook,Crown Sydney,Sydney NSW
Team Member,HALEY PTY LTD,Chinatown NSW
Chefs and Cooks All Levels,BAZLL,Sydney NSW
Cook,Chargrill Charlie's Lane Cove,Lane Cove NSW 2066
Caf\xc3\xa9 Cook - The Common Room,Crown Sydney,Sydney NSW
Cafe Cook / Chef | Mon-Fri | Multi site production,Fossix,Sydney NSW 2000
Restaurant Staff - Grill Cook,Mad Mex,Miranda NSW 2228
Casual Team Member,KFC,Sydney NSW 2000+17 locations
Sharetea- Team Member,Sharetea Australia,Homebush NSW 2140
Casual Team Member,KFC,Sydney NSW 2000+17 locations
Sharetea- Team Member,Sharetea Australia,Homebush NSW 2140
Chef/Cook \xe2\x80\x93 482 Visa Sponsorship,Southbound Recruitment,New South Wales
Chef/Cook,Sails Restaurant,North Sydney NSW 2060
COOK - Cafe Breakfast and Lunch,Store Espresso Camperdown,Camperdown NSW 2050
Cook | Dunwoodys,Australian Venue Co.,Cairns QLD
Cook,Regis Aged Care,Queensland
Prep Cooks/Fruit & Sandwich Hands/Cooks,Catering Project,Sydney NSW
Cook,Bake Bar,Randwick NSW 2031
Looking for chef/cook at Subiaco hotel sponsorship available...,Localsco,Perth WA
Cook -Part time- Nepean Hosp. NSW,Compass Group,Penrith NSW 2750+1 location
Cooks - Crown Sydney,Crown Sydney,Sydney NSW
Kitchen Hand/Cook,Lola's Pergola,Larrakeyah NT 0820
Cook | The Star Sydney,The Star Entertainment Group,Sydney NSW
Chefs and Cooks - White & Wong's - Sydney,Good Group Hospitality,Sydney NSW 2000
Chefs and Cooks - White & Wong's - Sydney,Good Group Hospitality,Sydney NSW 2000
Cook,Piccolo Me Ryde Hospital,Denistone NSW 2114
Kitchen Hand/Cook,Sneaky Burger,Wollongong NSW 2500
Breakfast Chef / Cook - no nights,The Fine Food Store,Sydney NSW 2000
Cook,Milpa Collective Pty Ltd,Bondi Junction NSW 2022
Chef or Cook,ALH Group,Crows Nest NSW
Cook/Kitchen Hand,Helensburgh Hotel,Helensburgh NSW 2508
Cook,The Coffee Club MARION,Adelaide Region SA
Food Service Team Member,KFC,Brisbane QLD+13 locations
Cook,The Crusaders Union of Australia (CRU),Galston NSW 2159
Chefs / Cooks,CivicFlow Pty Ltd,Braddon ACT 2612
Cook/Chef/Sandwiches hand,CBD cafe,Sydney NSW
CBD Wynyard Cafe looking for cook,Cl achievement pty ltd,Sydney NSW 2000
Child Care Centre Cook,Western Sydney Local Health District,Westmead NSW
Looking for chef/cook Sponsorship & full time available in B...,Treendale farm hotel & Rose hotel Bunbury,Bunbury WA
Looking for chef/cook Sponsorship & full time available in B...,Treendale farm hotel & Rose hotel Bunbury,Bunbury WA
"Chefs, Cooks & Kitchen Attendants",Hurricane's Grill Circular Quay and Darling...,Sydney NSW
Cook/Kitchen Hand,Roll'd,Pacific Fair Shopping Centre QLD 4218+9 locations
Kitchen Staff (Cook),Lab Kitchen,Sydney Olympic Park NSW
Cook (McKinlay Shire MPHS),Queensland Health,Temporarily Remote in Queensland
Cook- Fratelli Fresh Sydney,Fratelli Fresh,Sydney NSW+10 locations
Experienced Cook or chef,Donco,Newtown VIC 3220
Cook,Eastern Health,Australia
Cook CHCK,Southern NSW Local Health District,Sydney NSW
Cook,WHSmith,Blacktown NSW
Cook/Kitchen Hand (Roll'd Chatswood),Roll'd Top Ryde,Chatswood NSW 2067
Cook/Kitchen Hand,FEEDWELL,Sydney NSW 2000
Restaurant Team Member,Grill'd,Macquarie Park NSW+25 locations
Cook - Nobu Restaurant,Crown Sydney,Sydney NSW
Cook,Hilton,Sydney NSW 2000
Cook - Nobu Restaurant,Crown Sydney,Sydney NSW
Cook,Hilton,Sydney NSW 2000
"Food Prep, Grill Cook, Counter Staff & Cashiers",Mad Mex,Bankstown NSW 2200+3 locations
Production Cook,Berger Ingredients,Bankstown NSW
Cook - Sydney,Mrs Poppins,Gymea NSW
Chef / Cook,Lake St Clair Lodge,Tasmania
SA Remote Chefs and Cooks,Compass Group,Remote in Roxby Downs SA 5725+2 locations
Casual Cook,Wesley Mission NSW,Ashfield NSW
Cook (Mornington Island Hospital),Queensland Health,Temporarily Remote in Queensland
Chef/Cook,BAKERIE,Gordon NSW
Chef/Cook,Reuben Hills,Surry Hills NSW 2010
Calling all Cooks and Chefs | Gold Coast,Australian Venue Co.,Gold Coast QLD+8 locations
Kitchen Staff - M,Village Roadshow Limited,Victoria
Chefs and Cooks - Botswana Butchery Sydney,Good Group Hospitality,Sydney NSW 2000+1 location
Commis Chef/ Cook,Panthers Port Macquarie,Port Macquarie NSW 2444
Console Operator/Cook,Puma Energy,Marsden Park NSW 2765
Casual Chef / Cook,The Wayside Chapel,Potts Point NSW 2011
Cook,Estia Health,New South Wales+1 location
Cook (1-2 positions),Nashdale Orchards,Orange NSW
"Chefs, Cooks and Kitchen Hands",Rashays Cafes and Restaurants,Mount Annan NSW 2567
Central kitchen chef/cook rara ramen,Rara ramen central kitchen,Bankstown NSW
Cook/Chef,The Deck Bar,Darwin NT 0800
Chefs/Cooks (Grades 1-5),General Gordon Hotel,Sydenham NSW 2044
Cafe & Restaurant Cooks or Chefs,Raroya Pty Ltd,Rosebery NT 0832
Cook,Corbett & Claude,Everton Park QLD 4053
Cook | Pastry,The Star Entertainment Group,Sydney NSW
COOK / CAFE / Rushcuttersbay,BLACK BAY CAFE,Rushcutters Bay NSW 2011
Cook / Chef,ALH Group,Darwin NT
Cook,Encasa,Haymarket NSW 2000
Chef or Cook - Ryde,Next Gen Health & Lifestyle Clubs,Ryde NSW 2112
Cook,Calvary Community Care,Kogarah NSW 2217+6 locations
Chefs and Kitchen Hands,Village Group Management Services Pty Ltd,Crows Nest NSW 2065
"Experienced Catering Cooks, Chefs, Kitchen Hands",FEEDWELL,Sydney NSW 2000
Assistant Cook - Carrington,Aegis Aged Care Group,Hamilton Hill WA
Prep Cook,Outback Steakhouse,Fairy Meadow NSW 2519
Cook,G8 Education,South West Sydney NSW+9 locations
Cook/Chef,Spare Staff,Mortdale NSW
Cook - North Ryde Early Learning Centre,Thrive Early Learning Centre,North Ryde NSW 2113
Cook/Kitchen Hand,Leaf cafe & co,Ryde NSW 2112
Chef/Cook,NABO\xe2\x80\x99S WOODFIRE PIZZA PTY LTD,Sydney NSW 2000
Calling all Cooks and Chefs | Far North QLD,Australian Venue Co.,Cairns QLD
Cook,Spotless,Perth WA+2 locations
Chef/Experienced Cook,Hall & Prior,Lane Cove NSW
Assistant Cook - Melville,Aegis Aged Care Group,Melville WA
Pastry Cook,Club Med,Australia
Chef/Cook,NABO\xe2\x80\x99S WOODFIRE PIZZA PTY LTD,Sydney NSW 2000
Calling all Cooks and Chefs | Far North QLD,Australian Venue Co.,Cairns QLD
Cook,Spotless,Perth WA+2 locations
Chef/Experienced Cook,Hall & Prior,Lane Cove NSW
Assistant Cook - Melville,Aegis Aged Care Group,Melville WA
Pastry Cook,Club Med,Australia
Experienced Chef/Cook- Urgent Start,ALEGRE BAR AND DINING- High end Mexican...,Sydney NSW 2000
Cook,Olive and Mint,Marrickville NSW 2204
LTC Cafe Cook,World Vision Australia,Victoria
Chef / Cook,Hot Tamale,Darwin NT 0800
kitchen staff cook chef all levels,Flower Child Cafe - Castle Hill,Castle Hill NSW
"Restaurant Staff - Grill Cooks, Counter Staff & Cashiers",Mad Mex,Sydney NSW 2000
Cook/Kitchen Hand,Fasta Pasta Gilles Plains,Gilles Plains SA 5086
experienced cooks/chefs,Site Projects Group,Malaga WA 6090
Cook/Kitchen Hand Looking for Nepali,8848 Momo House,Surfers Paradise QLD
Cook/Kitchen Hand Looking for Nepali,8848 Momo House,Surfers Paradise QLD
Cook,Qantas Lounges- Canberra,Fyshwick ACT 2609
Cook,Tasmanian Government,Queenstown TAS
Team Member - New Store,El Jannah (Bankstown),Bankstown NSW
COOK / KITCHEN HAND NEEDED - NEWTOWN (SYDNEY),Guzman y Gomez,Sydney NSW
Cook/Chef - Miss Moneypenny's and Fat Freddy's,Miss Moneypennys Broadbeach,Gold Coast QLD
Cooks and Grillers,Ribs and Burgers,Bella Vista NSW+5 locations
CASUAL KITCHENHAND/COOK,Camperdown Sunshine Kids,Sydney NSW
Chef/Cook/Kitchenhand,Bangalow Hotel,Bangalow NSW 2479
Chef/Cook - New restaurant chatswood CBD,Mikazukichatswood pty ltd,Chatswood NSW 2067
Calling all WA Cooks!!! | AVC,Australian Venue Co.,Perth WA
Chef / Cook,Nield Park Pavilion Cafe,Rodd Point NSW 2046
Chef/Cook (Contract),Dope Fusion,Brookvale NSW
Cook,Compass Group,Canberra ACT 2601+7 locations
Chinese Cook - Silks,Crown Sydney,Sydney NSW
Chef/Cook,Freestate cafe,Terrigal NSW 2260
Customer Service Team Member,KFC,Brisbane QLD+12 locations
Chef Trade Cook,Tully Nursing Home,Tully QLD 4854
Cromer Cook,Only About Children,Fairlight NSW 2094
Cook,The Coffee Club Carrara,Carrara QLD
Cook,Sydney Restaurant Group,Balmain NSW
Cook - Undara Experience,Discovery Parks,Australia
Cook/Chef,Cafe Momo,Bruce ACT 2617
Line Cook/Prep Cook,90734530364,Palm Cove QLD 4879
Chefs and Cooks All Levels,Compass Group,Camperdown NSW 2050+7 locations
Qualified and Experienced Grill Cooks Required,Agnew IRM,Nelson Bay NSW 2315+3 locations
Catering Assistant/Cook,LOG,Dural NSW 2158
Cook/All Rounder,Bellambi Lane Cafe,Bellambi NSW
Apprentice Cook,The Coffee Club Rouse Hill,Rouse Hill NSW
Cook/Chef,Buurger Villains,Canberra ACT
Chefs/Cooks/ Caf\xc3\xa9 All Rounders @ Qantas Domestic Airport T3,Airport Retail Enterprises,Mascot NSW 2020
Cook,Raising Stars ELC Five Dock,Five Dock NSW 2046
Cafe Cook/Chef,Caffeine Trader,Cannington WA 6107
Head Cook,PageUp MEL,Melbourne VIC 3000
Kitchen Staff,House of Brews,Surfers Paradise QLD 4217
Cook/Kitchen Hand,HILCI Australia Pty Ltd,Darwin NT 0800
Full Time Chef/Cook- TCC Mango hill,The Coffee Club Mango Hill,Mango Hill QLD
Chef/Cook,Finn & Co Cafe,Springwood NSW 2777
Cook,The Coffee Club,Brisbane QLD+2 locations
Chefs | Cooks | Kitchenhands,VenuesLive,Wollongong NSW+1 location
Assistant Cook - Sandstrom,Aegis Aged Care Group,Mount Lawley WA
Line Cook,Outback Steakhouse,North Strathfield NSW 2137
Pastry cooks,Madhouse Bakehouse,Greenacre NSW 2190
Cook Supervisor,Queensland Health,Brisbane QLD
Short Order Cook - The Coffee Club Belmont Forum,The Coffee Club,Belmont WA+3 locations
Line Cook,Outback Steakhouse,North Strathfield NSW 2137
Pastry cooks,Madhouse Bakehouse,Greenacre NSW 2190
Cook Supervisor,Queensland Health,Brisbane QLD
Short Order Cook - The Coffee Club Belmont Forum,The Coffee Club,Belmont WA+3 locations
Cook/Kitchen Hand (Sir Manong) IMMEDIATE HIRING,Sir Manong,Rooty Hill NSW 2766
Cook,The Coffee Club Everton Hills,Everton Hills QLD
Casual Food Service Team Member,KFC,Bankstown NSW+1 location
Chef/Cook,Yasaka Ramen,Sydney NSW 2000
Kitchen Staff | Cooks,Holey Moley Alexandria,Alexandria NSW 2015
Cook,JATACAKE Hospitlity,Wickham NSW
Kitchen Hand/Cook,Gingerbread House Katoomba,Katoomba NSW 2780
Chef or Cook,Discovery Parks,Alice Springs NT+4 locations
Casual Breakfast Cook,Crowne Plaza Hawkesbury Valley,Windsor NSW 2756
Cook / Kitchenhand,Wyndham Destinations,Seven Mile Beach TAS 7170
Cook/Chef - Part time,Forest Lake Lodge,Forest Lake QLD
Chef/Cook,Wild Patch Cafe,Kiama NSW 2533
CHILDCARE CENTRE COOK,Tarella House Early Learning Centre,Sydney NSW
Cook/chef,5 Loaves Cafe,Harris Park NSW
Cook,Vincenzos,Merrylands West NSW
Cook,Piccolo Me,Silverwater NSW 2128+3 locations
Kitchen Hand/Cook,Archie Brothers Cirque Electriq,Alexandria NSW 2015
Cook / Chef,Coolangatta Asian Cuisine,Gold Coast QLD
Cook,Comuna Cantina,Brisbane QLD 4000
Cook,Kalbarri Motor Hotel,Kalbarri WA
Cook/Chef,Banh Meats & co,Barangaroo NSW
Offshore Cooks and Caterers,Compass Group,Sale VIC 3850
Cook,Talent Recruitment,Robina QLD+3 locations
Cook,Imperial Homestead,York WA 6302
Kitchen Staff/Cook,Drasko's Hot Chicken,Mount Hawthorn WA
Cook,Kinetto Coffee & Kitchen,Adelaide CBD SA 5000
Offshore Cooks and Caterers,Compass Group,Sale VIC 3850
Cook,Talent Recruitment,Robina QLD+3 locations
Cook,Imperial Homestead,York WA 6302
Kitchen Staff/Cook,Drasko's Hot Chicken,Mount Hawthorn WA
Cook,Kinetto Coffee & Kitchen,Adelaide CBD SA 5000
Team Member,ShareTea Winston Hills,Winston Hills NSW 2153
Cook,Dosa Hut Penrith,Penrith NSW
5 Boroughs | Chefs & Cooks **$500 Signing Bonus**,5 Boroughs,Carseldine QLD 4034
"FOOD PRODUCTION WORKERS, Cooks, Chefs, Kitchen hands",CAVOS PRODUCTS,Padstow NSW
Chef / Cook,Wagga RSL Club,Wagga Wagga NSW 2650
Chefs/Cooks (Grades 1-5),Great Southern Hotel,Haymarket NSW 2000
Full time or part time cook/kitchen hand for a coffee shop i...,Cafe 63,Gold Coast QLD
Cook,The Coffee Club Rouse Hill,Rouse Hill NSW+1 location
Chef / Cook,Kurrawa Surf Club,Broadbeach QLD 4218
Cook/Kitchen Hand,Burger Hounds,Wahroonga NSW 2076
Cook,R AND P FNB ENTERPRISE PTY LTD,Earlville QLD 4870
Casual Cook/Chef,Cafe On Uduc,Harvey WA 6220
Line Cooks & Grillers,The Meat & Wine Co,Parramatta NSW+1 location
"Chefs, Cooks",Hurricane's Grill Surfers Paradise Pty Ltd,Surfers Paradise QLD 4217
"COOKS, KITCHEN HAND & CHEFS",Baringo Food & Wine Co,New Gisborne VIC 3438
Cook/ Wok Chef,Wokitup!,Belconnen ACT 2617+1 location
COOK - FULL TIME/ PART TIME OR CASUAL POSITIONS,Guzman y Gomez,Dee Why NSW 2099
Cook / Commis Chef - Full Time,Toast Bistro,East Perth WA 6004
COOK,"Hyatt Place Melbourne, Essendon Fields",Melbourne VIC
Full Time Qualified Chef/Experienced Cook,Drift Cafe Restaurant,Devonport TAS 7310
CENTRE CHEF/COOK,St George Montessori ELC,Sydney NSW
Asian Cook,Golden Cup Pty Ltd,Melbourne VIC
Cook,The Juniors Group of Clubs,Kingsford NSW 2032
"Cook - Regis, Shenley",Regis Aged Care,Victoria
Chef or Cook,Australian Leisure & Hospitality Group,Innaloo WA 6018
Chef or Cook,Australian Leisure & Hospitality Group,Innaloo WA 6018
Chef/Cook,Kiama inn hotel,Kiama NSW 2533
Chefs/Cooks (Grades 1-5),The Peakhurst (Hotel),Peakhurst NSW 2210
Casual Cook,The State Cinema,North Hobart TAS 7000
Kitchen Staff / Cook,PappaRich World Square,Sydney NSW
Experienced Cook,Hall & Prior,High Wycombe WA
Cook (Full Time),Samson Lake Pty Ltd Trading as Hotel Scottalian,Bindoon WA 6502
Sunday cook,Cabana Beach Kiosk,Narrabeen NSW 2101
Casual Cook,Hilton,Perth WA
Cooks & Catering Assistants Needed in Sydney,I Need A Chef,Sydney NSW
Cafe cook,Piccolo Me,Wollongong NSW
Short Order Cook / Kitchen Hand - The Coffee Club Warnbro,The Coffee Club,Warnbro WA
Pastry Cook,Skeetas Restaurant and Cafe,Western Australia
Kitchen Hand/Cook,Kebab revolution,Doonside NSW
Cook,Spare Staff,Campbelltown NSW+1 location
Chef / Cook,Compass Group,Wagga Wagga NSW 2650+11 locations
Experienced Chef/Cook,MRM 1 PTY LTD T/A WILD SAGE BARANGAROO,Barangaroo NSW
Cafe cook .,Journal Cafe & Canteen,Melbourne VIC 3000
CHEFS/COOKS OF ALL LEVEL,"BigBuns Burgers, Ribs and Shakes",Upper Mount Gravatt QLD 4122
Pastry Cook,The Meat & Wine Co,Sydney NSW 2000+3 locations
Team Member - Charcoal Cook,El Jannah,Bankstown NSW+1 location
Short Order Cook,Coffs Harbour Fishermen's Cooperative Ltd,Coffs Harbour NSW 2450
Breakfast cook/Chef,Cafe cherry beans Bella vista,Baulkham Hills NSW
Chef/Qualified Cook - PT20,Dreamworld,Surfers Paradise QLD
Kitchen Cook,Bankstown Sports,Bankstown NSW 2200
Line Cook,Village Group Management Services Pty Ltd,Campbelltown NSW
Cook/Barista,The Coffee Club Meadowbrook,Meadowbrook QLD
Cooks,Searange Holdings Pty Ltd,Geraldton WA
Chef / Experienced Cook,The Landing Bar & Kitchen,Newcastle NSW 2300
88 Noodle - Cook,Crown Sydney,Sydney NSW
Cooks,Searange Holdings Pty Ltd,Geraldton WA
Chef / Experienced Cook,The Landing Bar & Kitchen,Newcastle NSW 2300
88 Noodle - Cook,Crown Sydney,Sydney NSW
Cook/Kitchen Hand,Coffee tea and me,Potts Point NSW 2011
Child Care Cook,KU Children's Services,North Sydney NSW 2060
Kitchen Hand/Cook,Zeus Street Greek Northpoint (North Sydney),North Sydney NSW 2060
Full Time Cook - Bayview Hotel Woy Woy,Australia Chef Migration,Sydney NSW
Cooks and Chefs at The Sporting Globe (King Street Wharf),The Sporting Globe (King Street Wharf),Sydney NSW 2000
Line Cook,Ribs and Burgers,The Rocks NSW 2000
Cook,The Coffee Club Joondalup,Joondalup WA
Cook,Terrigal Hotel,Terrigal NSW 2260
Pastry Chef/Cook in Hornsby,St Malo Bakery,Hornsby NSW
Cook/Food Services Attendant,Regis Aged Care,Como WA
Kitchen Hand/Cook,Woodpecker Coffee Co,Artarmon NSW
Cook,Little Bird & Co,Tarrawanna NSW
Line Cooks and Chefs,THE SPORTING GLOBE BAR AND GRILL,Mount Druitt NSW 2770
"Short Order Cooks, Baristas, & Shift Managers",The Coffee Club - Brookside,Mitchelton QLD
Counter hand and short order cook,Bucking Bull Mirrabooka,Mirrabooka WA 6061
"Chef/Cook, Eyre Hotel",Matthews Hospitality,Whyalla Playford SA 5600
Cook,Hakea Grove Aged Care,Hamlyn Terrace NSW 2259
Fast Food Team Member,Chubby Buns Burgers Hoxton Park,Hinchinbrook NSW+1 location
Head Cook,Guzman y Gomez,Boondall QLD 4034+12 locations
Casual Cook,Spare Staff,Wentworth Falls NSW+1 location
Senior Cook,Amentum,Alice Springs NT
Cook | Teys Meat - NSW,Compass Group,Campbelltown NSW 2560+22 locations
Early Education Centre Cook,Sutherland Shire Council,Sutherland Shire NSW
COOKS & CHEFS,SHOAL BAY COUNTRY CLUB,Shoal Bay NSW 2315
Kitchen Steward / Prep Cook,Lunchtime Cravings,Seven Hills NSW
Pastry Cook,The Langham Sydney,Sydney NSW 2000
Chef/Cook,Le Pruneau,West Tamworth NSW 2340
Cook,Aurrum Kids,Penrith NSW
FULL TIME EXPERIENCED Asian Cuisine Chef/Cook,Peko Peko,Scarborough WA
INDIAN CHEF / COOK,Meal Bay,South Yarra VIC 3141
Chefs and Cooks - Visa Sponsorship available,Talent Recruitment,Sydney NSW+1 location
Chef or Cook,Youthworks,Royal National Park NSW
Breakfast Chef / Short order cook,Goji Granola Bar & Cafe,Clear Island Waters QLD
Cooks & Catering Assistants Needed in Sydney,I Need A Chef,Sydney NSW
"Cooks, Chefs, Kitchen Attendants - MT ANNAN",Rashays Cafes and Restaurants,Mount Annan NSW 2567
CHEF/COOKS POSITION,Cactus Jack's,Townsville QLD
Chef/Cook,ALH Group,Brisbane QLD
Qualified Chef or experienced Cook,Black Olive Gourmet Food,Kirrawee NSW 2232
COOK,Oxford Multicultural Childcare,Wollongong NSW 2500
Chefs/Cooks (Grades 1-5),Mountbatten Hotel,Haymarket NSW 2000
Cook,The Coffee Club Gympie,Gympie QLD
Childcare Cook,11848890740,Blaxland NSW 2774
Cook,The Coffee Club Gympie,Gympie QLD
Childcare Cook,11848890740,Blaxland NSW 2774
Casual Grill Cook,Mad Mex,Newcastle NSW 2300+4 locations
Cook (Commis Chef),Enzos cucina Northmead for ACE NSW pty ltd,Northmead NSW 2152
Junior Line Cook,Outback Steakhouse,Fairy Meadow NSW 2519+2 locations
Kitchen Assistant/Cook,Eastern Pearl noodle,Kew VIC 3101
Short Order Cook,Ironbark Tavern & Cidery,Caversham WA 6055
Long Day care cook,Active Kids Group,Newtown NSW 2042
Cook / All-Rounder-Gascoyne Region-Remote Western Australia,MLKA,Remote in Perth WA
Cafe all rounderand cook,Cafe63pimpama,Pimpama QLD
Chefs / Cooks,Sea World Cruises,Surfers Paradise QLD
Kitchen Hand/Cook,Kubo's bar and grill,Coorparoo QLD
EOI Cooks - Village Services,Ventia Pty Limited,Dysart QLD 4745
Cook/Chef - Fulltime (START ASAP),MEALS PLUS BOTANY,Botany NSW 2019
Line Cook,TokyoTaco 1 (Newtown) Pty Ltd,Newtown NSW 2042
Cook/Chef,Valley Social,Henley Brook WA 6055
Cook/Kitchen Hand,Southpour,Penshurst NSW 2222
Western CPK - Casual Trade Cooks,Western Health Australia,Victoria
Suzie Dukes / Kitchen Team,Kincumber Catering,Kincumber NSW 2251
Casual Cook,Spotless,Victoria
Cook/Chef,Finley Returned Soldiers Club,Finley NSW 2713
Indian Cook,moree indian restaurant,Moree NSW
Cooks and Chefs - IMMEDIATE START,Aroha Care Group,Perth WA
Cook (Full Time),Nick's Place Fremantle,Fremantle WA 6160
Chefs | Cooks | Kitchenhands,Compass Group,North Sydney NSW 2060
Chefs and Cooks,RUOMKY,Chester Hill NSW 2162
Full Time Cook - Forrester's,Australia Chef Migration,Surry Hills NSW 2010+2 locations
Food Services Assistant/Cook,Mercy Health,Northcliffe WA
Breakfast Cook,Caffee Cherry Beans,Bonnyrigg NSW 2177
Head Cook - Helensvale,Guzman y Gomez,Hope Island QLD 4212
Chef/cook - 20 hours per week,Appetite,West Melbourne VIC 3003
Western CPK - Casual Trade Cooks,Western Health,Melbourne VIC
Cook/Chef,ZTM PTY LTD,Stanwell Park NSW+1 location
CHILDCARE COOK - 5 DAYS A WEEK - PART-TIME,Rainbow Street Early Learning Centre,Sydney NSW
Chef or Cook - Bradshaw,Discovery Parks,Northern Territory
Cook,Burger Room,Blacktown NSW 2148
Prep Cook,The Meat & Wine Co,Southbank VIC 3006+1 location
Kitchen Hand/ Cook - SOUL ORIGIN,23368687277,Blacktown NSW 2148
Experienced FIFO Chefs and Cooks,Talent Ko,Perth WA
Chef / Cook,The Coffee Club Mooloolaba,Mooloolaba QLD
Cafe Cook/sandwichmaker,Caffe Cherry Beans Mt Druitt,Mount Druitt NSW
Chef/Cook,Caffe cherry beans,Taigum QLD 4018
Casual Chef/Cook - Hotel Pacific,Star Hotels Group,Southport QLD
Cook - The Coffee Club North Lakes,The Coffee Club North Lakes,North Lakes QLD
Cook | Chef,Estia Health,New South Wales
Cook - The Coffee Club North Lakes,The Coffee Club North Lakes,North Lakes QLD
Cook | Chef,Estia Health,New South Wales
Food Workers,JobLink International,Auburn NSW
Chef/Cook,Sue\xe2\x80\x99s burgers and shakes,Carindale QLD 4152
Boarding House Cook - Casual,Esperance Anglican Community School,Esperance WA 6450
Chefs and Cooks all Levels,The Restaurant Pendolino,Sydney NSW 2000
Chefs and Cooks,The Albury Sailors Soldiers & Airmen's Club Ltd,Albury NSW
Pastry Cook,Sweet Kingdom (CHOCO D'OR PTY LTD),Chester Hill NSW
Cafe Chef/Cook,Everyday Coffee,Collingwood VIC 3066
Cook URGENT,Coffee Guru Mittagong,Southern Highlands NSW
Cook,Skeetas Restaurant and Cafe,Geraldton WA
Cook,Cafe on the Bay,Nelson Bay NSW 2315
"Cook - Portland, VIC",Bupa,Victoria
Grill Cooks and Front of House team members,Mad Mex,Broadbeach QLD 4218
Cook/Chef,Hilton,Alice Springs NT
Pastry Cook,Sweet Kingdom (CHOCO D'OR PTY LTD),Chester Hill NSW
Cafe Chef/Cook,Everyday Coffee,Collingwood VIC 3066
Cook URGENT,Coffee Guru Mittagong,Southern Highlands NSW
Cook,Cafe on the Bay,Nelson Bay NSW 2315
"Cook - Portland, VIC",Bupa,Victoria
Grill Cooks and Front of House team members,Mad Mex,Broadbeach QLD 4218
Cook/Chef,Hilton,Alice Springs NT
Cooks,Lawley's Bakery Cafe,Osborne Park WA 6017
Cook,Al Aseel Restaurants / Greenacre,Jamisontown NSW+1 location
Grillers/Line Cooks,Ribs and Rumps,Fortitude Valley QLD 4006
Chef or Cook - Kimberley Lodges - Bungle Bungles,ATG,Broome WA
Cook / Kitchen Hand,The Coffee Club Kawana Waters,Buddina QLD
Qualified Cook,Grandma's,Townsville QLD
Team member - Fast food worker,Crafty eats,East Maitland NSW 2323
Cook/Chef Wokitup,Wokitup Gungahlin,Gungahlin ACT 2912
Cook,Miznon Australia,Melbourne VIC 3000
Cook,Blueprint Cafe,Edmondson Park NSW 2174
Cook - Kitchen All Rounder TCC Ellenbrook,The Coffee Club Ellenbrook,Ellenbrook WA
Chefs and Cooks,Talent Ko,Welland SA 5007+1 location
Cooks,Hunter & Barrel,Perth WA
Cook- Kitchen All Rounder TCC Watertown,The Coffee Club Watertown,Perth WA
"Underground Operators, Fitters & Electricians (Cook Colliery...",Mastermyne Group,Mackay QLD
Cook/Kitchen Hand,podium espresso bar and kitchen,Melbourne VIC 3000
Restaurant Staff- Grill Cooks & Front Counter Staff,Mad Mex,Parramatta NSW 2150
DIDO Cook Required,Regional Labour Hire,Gingin WA
Part-time Cook,Narrabri Shire Council,Narrabri NSW
"Kitchen Manager, Chefs and Cooks",Rashays Cafes and Restaurants,Wollongong NSW 2500+1 location
Cook,Youthworks,New South Wales+1 location
Cook,SeaLink South Australia,Kingscote SA 5223
Cook,Spanish Bar,Seaford VIC
Cook- Rosetta Ristorante Melbourne,Rosetta,Melbourne VIC
Senior Cook or Chef,Roselands 24/7 Pty Ltd,The Range QLD 4700
Cook,Masala Indian Cuisine,Mackay QLD
Cook/Chef,Sneaky's Restaurant,Angle Vale SA 5117
Chef De Partie and Cook| Cleveland Sands!,Australian Venue Co.,Brisbane QLD
Chef and Cook Sponsorship available,La Porchetta,South Yarra VIC
Casual Cook/Chef,Spotless Services,Birtinya QLD
Sandwich Hand/Cook,People's Coffee,Melbourne VIC 3000
Chef/Cook,Spare Staff,Sydney NSW+1 location
Cook,The coffee club Essendon,Essendon Fields VIC
Cook -Greenfields,Aegis Aged Care Group,Mandurah WA
Chefs,Dongara Hotel Motel,Dongara WA
Chefs/Cooks (Grades 1-5),Padstow Park Hotel,Padstow NSW 2211
Cook/Chef,First Fleet Recruitment Pty Ltd,Kalgoorlie WA
"Cook / Chef based in Cairns City, Qld",Blu MarlinBistro,Queensland
Chefs,Dongara Hotel Motel,Dongara WA
Chefs/Cooks (Grades 1-5),Padstow Park Hotel,Padstow NSW 2211
Cook/Chef,First Fleet Recruitment Pty Ltd,Kalgoorlie WA
"Cook / Chef based in Cairns City, Qld",Blu MarlinBistro,Queensland
Cooks fryer / or grill,Ocean Foods,Drummoyne NSW
Front of House Staff/ CHEF(COOK),NORI SUSHI SHOP,Kwinana WA
Cook - Casual Pool (Kingston SE/ Robe MPS),SA Health,Australia
Chef/Cook,Espresso Warriors,Dapto NSW 2530+1 location
Cook/Chef,Mingara Leisure Group,Port Macquarie NSW 2444
Cook/Kitchen Hand,Gami Chicken and Beer Restaurant,Epping VIC
Cook/Kitchenhand/Waiter \xe2\x80\x94 Full Time/Casual Positions,That Dumpling Place,Ipswich QLD
Cook | Hammondcare Neringah,Trippas White Group,Wahroonga NSW
Cook,Coffee Club Empire Rockhampton,Rockhampton QLD
Short Order Cook,CIP,Westcourt QLD 4870
Cook,Krazy Train Diner,Alice Springs NT 0870
Chef/Cook,Baillie Lodges,Avalon NSW+1 location
Cook,The George Bar & Dining,Bungendore NSW
Kitchen Hand/Cook,KSO Japanese PTY LTD,Lane Cove NSW 2066
Cafe Cook / Chef,The Prairie Cafe,Penrith NSW 2750
Casual Chef / Cook,30 Acres,Norwood SA 5067
Kitchen Hand/Cook,Rise up Caf\xc3\xa9 & Pizzeria,Butler WA 6036
Cook/Chef,Crave Cafe,Cairns City QLD 4870
Part Time Cook,Three beans warriewood,Warriewood NSW 2102
Counter hand and short order cook,Bucking Bull Innaloo,Innaloo WA
"Experienced Cook Full or Part time, Apprentice",Cafe BH Pty Ltd,Rouse Hill NSW 2155
Cafe All-Rounder,Southport Sharks,Southport QLD 4215
Cook/Kitchen Hand,Kinx Cafe,Bankstown NSW 2200
Breakfast Cook,NRMA Motoring & Services,Gold Coast QLD
Cook - Taigum,Anglicare Southern Queensland,Taigum QLD
Baker/Pastry Cook,Joreme Pty Ltd trading as Superior Bakeshop &More,Mount Druitt NSW 2770
Cook - Taigum,Anglicare Southern Queensland,Taigum QLD
Baker/Pastry Cook,Joreme Pty Ltd trading as Superior Bakeshop &More,Mount Druitt NSW 2770
Casual Cook Position,Hotel Spencer,Whyalla SA
Cook,Churches of Christ in Queensland,Boonah QLD
Cook,SA Health,Murray Mallee SA
"Chief Cook, Queensland Academy for Science Mathematics and T...",Education,Brisbane QLD
Gold Class Kitchen Team Member,Village Roadshow Limited,Victoria
Field Cooks,Map to Mine,South Townsville QLD
Chef or Cook,Ainslie Group,Canberra ACT
Chef / Cook / Kitchenhand,Village Bakehouse Orange,Orange NSW 2800
Cook,RACV,Melbourne VIC
Chefs and Cooks,Mt. Buller,Mount Buller VIC
Cook - Munich Brauhaus The Rocks,Munich,Sydney NSW 2000
Kitchen Hand/Cook,Sunset at the coast,Port Noarlunga South SA 5167
Cook/Chef,XS Espresso Bennetts Green,Bennetts Green NSW 2290
Kitchen Hand/Cook,Sunset at the coast,Port Noarlunga South SA 5167
Cook/Chef,XS Espresso Bennetts Green,Bennetts Green NSW 2290
Kitchen Staff,Austap 11 Pty Ltd,Miranda NSW 2228
Cook/Chef,Chef N Fire,Helensvale QLD 4212
Centre Cook/Cert III,Shine Bright Early Learning Centre,Picnic Point NSW 2213
Chef/Cooks required,BAR 11,Southport QLD 4215
Front of House/Sandwich Cook,Rosso Coffee,Melbourne VIC 3000
Burger Restaurant Cook/Kitchen Hand,Short Order,Fremantle WA 6160
Cooks & Chefs,Varsity,Joondalup WA
Sales Assistant or Food Prep or Cook,Guzman Y Gomez kings Cross,Potts Point NSW
CHEFS & COOKS,Byron Fresh Cafe,Byron Bay NSW
Kitchen Assistant/Cook,Phat Pizza Burger,Elwood VIC
Chef / Cook MONDAY - FRIDAY! NO NIGHTS / NO WEEKENDS & PUBLI...,The Fat Sicilian Cafe,Hallam VIC
Cook,Wests Group,Newcastle NSW
Cook - FIFO,HAYS,Perth WA
Cook,Nido Early School,Perth WA+2 locations
Prep Cooks/Sandwich Hands/Cooks,Catering Project,Melbourne VIC
Cook/Chef,HAYS,Cairns QLD
Cook,Lendlease,Buderim QLD
Cook - Kitchen All Rounder,The Coffee Club Whitford City,Hillarys WA
Full-time Cook,urban 35,Melton VIC
Part-Time Cook,Corbett & Claude,Brisbane QLD 4000
Casual Cook,Oaks Hotels,Cairns QLD+3 locations
Cook/Chef,Hana\xe2\x80\x99s Grill,Butler WA 6036
Cook,Skeetas Restaurant and Cafe,Geraldton WA
Cook/Chef (Wynnum & Tingalpa Coffee Club),The Coffee Club Wynnum/Tingalpa,Tingalpa QLD
CHEFS & COOKS WANTED,Up In Smoke,Taylors Lakes VIC 3038
Lead Cook - Part Time up to full time,Calibre Workforce,Geelong VIC
Cook with Barista skills,The Mess,Canberra ACT
Full Time Cook - Bopp & Tone,Australia Chef Migration,Sydney NSW 2000
Full Time Cook - Bopp & Tone,Australia Chef Migration,Sydney NSW 2000
CHILDCARE CHEF/COOK,Explore & Develop Alexandria,Sydney NSW
Cook,Southern Cross Personnel,Tweed Heads NSW 2485
Live-In Housekeeper/Cook - Kensington/Chelsea,Progressis,Kensington NSW
Chefs/Cooks - Hunter Valley - 3 Days Off Per Week - Sponsors...,Rapid Staff Recruitment,Pokolbin NSW
Commercial Cook \xe2\x80\x93 Certificate III \xe2\x80\x93 1st 2nd or 3rd year Appr...,Sarina Russo Apprenticeships,Berowra Waters NSW 2082
Breakfast Cook Pullman,AccorHotels,Brisbane QLD
Team Member - Point Cook,Schnitz,Point Cook VIC
Cook/Kitchen Hand,The Lobster Pier,Perth WA 6000
Hospitality & Catering Services - Chefs /Cooks,Jobleader,Northbridge WA 6003
Cook/Chef,Milkwood Bakery,Berry NSW 2535
Cook- Training Provided,Guzman y Gomez,Deception Bay QLD 4508
Chef / Cook,The LuWOW - Wonderbar Design Pty Ltd,Melbourne VIC 3000
Chef/Cook,The Coffee Collective,Wonthaggi VIC
Kitchen Hand/Cook,Spare Staff,Sans Souci NSW
Casual Noodle Cook - St johns Park Bowling Club,St. Johns Park Bowling Club,St Johns Park NSW 2176
Cafe cook,Margaret River Chocolate Company,West Swan WA 6055
Breakfast/Short Order Cook,Wyndham Destinations,Kirra Beach QLD
Pastry Cook,Pattison's Patisserie,Hornsby NSW 2077
Casual Cooks and Chefs,Compass Group,Melbourne VIC 3000
Childcare Cook,Dripstone Children`s Centre,Brinkin NT 0810
Cook - El Questro,Discovery Parks,Temporarily Remote in Kununurra WA
Cook -Buggles Child Care - Maddington,G8 Education,Perth WA
Breakfast Cook Pullman,Accor HQ,Brisbane QLD
Breakfast Cook,XS Espresso Revesby,Revesby NSW 2212
Skechers Sales Assistant - Point Cook,Skechers,Point Cook VIC 3030
Chef/Cook,Xs Espresso Rosemeadow,Rosemeadow NSW 2560
Chef / Cook,Phillip Island Winery,Ventnor VIC
Chef or Cook,Compass Group,Ballarat VIC
Childcare Centre Cook,Junior Einsteins Nurturing Centre - Flinders,Flinders NSW 2529
Skechers Sales Assistant - Point Cook,Skechers,Point Cook VIC 3030
Chef/Cook,Xs Espresso Rosemeadow,Rosemeadow NSW 2560
Chef / Cook,Phillip Island Winery,Ventnor VIC
Chef or Cook,Compass Group,Ballarat VIC
Childcare Centre Cook,Junior Einsteins Nurturing Centre - Flinders,Flinders NSW 2529
Cook,D&L Family trust,Preston VIC 3072
Chef/ Cook,Mesa 3 PTY LTD,Cairns QLD
Cook,Rush Recruit,Yennora NSW
Chef/Cook,Pilbara Bakehouse and Cafe \xe2\x80\x93 Karratha WA,Karratha WA 6714
Cooks and Kitchen Hands,The Haus Restaurant Hahndorf,Adelaide Region SA
Childcare Cook,Active Kids Group,Newtown NSW 2042+1 location
Assistant Catering Supervisor/Cook,Longueville Private Hospital,Longueville NSW 2066
Cooks and Commis Chef's,Pimpama Pavilion,Pimpama QLD 4209
Cooks/Chefs,Krua Thai,Kalgoorlie WA 6430
Cafe cook/ Chef,La Royale Patisserie,Wetherill Park NSW 2164
Cook/Chef,NABO\xe2\x80\x99S WOODFIRE PIZZA PTY LTD,Newcastle NSW 2300
Chef/Cook,Yugo Canteen Pty Ltd,Maroochydore QLD 4558
Cook,Anthem Care,Southern Highlands NSW
Cook- Spice Temple Sydney,Spice Temple,Sydney NSW 2000+1 location
Chef/Cook,Binna Burra Lodge,Beechmont QLD
Chef/Cook wanted for Blackburn Brunch Cafe,Black Alchemy Cafe,Blackburn VIC 3130
Onsite Wilderness Retreat Cook,Mary River Wilderness Retreat,Darwin NT
Calling all Cooks | Sydney,Australian Venue Co.,Sydney NSW+1 location
Cook,PitStop Pizza,Coorparoo QLD 4151
Full time Chef / Cook,Wangaratta RSL,Wangaratta VIC 3677
FULL TIME COOK/CHEFS WANTED!!!,MITRAN DA DHABA PTY LTD,Blacktown NSW 2148
Cook,The Coffee Club Coolum,Coolum Beach QLD
Breakfast Cook,Locale,Newstead QLD 4006
Cook - For a Child Care Centre,YAMBA ELC PTY LTD,Taree NSW+1 location
Chefs/Cooks (Grades 1-5),Union Place Hotel,Jannali NSW 2226
Cook- Spice Temple Sydney,Spice Temple,Sydney NSW 2000+1 location
Chef/Cook,Binna Burra Lodge,Beechmont QLD
Chef/Cook wanted for Blackburn Brunch Cafe,Black Alchemy Cafe,Blackburn VIC 3130
Onsite Wilderness Retreat Cook,Mary River Wilderness Retreat,Darwin NT
Calling all Cooks | Sydney,Australian Venue Co.,Sydney NSW+1 location
Cook,PitStop Pizza,Coorparoo QLD 4151
Full time Chef / Cook,Wangaratta RSL,Wangaratta VIC 3677
FULL TIME COOK/CHEFS WANTED!!!,MITRAN DA DHABA PTY LTD,Blacktown NSW 2148
Cook,The Coffee Club Coolum,Coolum Beach QLD
Breakfast Cook,Locale,Newstead QLD 4006
Cook - For a Child Care Centre,YAMBA ELC PTY LTD,Taree NSW+1 location
Chefs/Cooks (Grades 1-5),Union Place Hotel,Jannali NSW 2226
"Talented Chefs, Chef de Parties, Cooks and Apprentices",Greenbank Services Club,Hillcrest QLD 4118
Cook,SUMMIT HEALTH CARE PTY LTD,Jamisontown NSW
Experienced Cook,Vermont Aged Care,Vermont VIC
Cook,AccorHotels,Coffs Harbour NSW+1 location
FIFO Cook,HAYS,Perth WA
Cook,Ibis Melbourne Glen Waverley,Glen Waverley VIC 3150
Cook- The Bavarian Broadbeach,The Bavarian,Gold Coast QLD
Cook - Childcare - Beecroft,Smart Cookies Early Learning Centre,Beecroft NSW 2119
Cooks and Chefs,Alma's,Wetherill Park NSW 2164
Short Order Cook & Kitchen Hand,@ The Willow Tree Cafe,Ormeau QLD
Cook/Chef,NRMA Motoring & Services,South Durras NSW+1 location
Cook,Coorparoo Aged Care,Coorparoo QLD 4151
Kitchen Hand/Cook,Todd Tavern,Alice Springs NT 0870
Short Order Cook/ Cooking Superstar,FRIED BROS,Ourimbah NSW
Line Cook - Pans section,The Meat & Wine Co,Circular Quay NSW+2 locations
Chef/Cook,Cafe Azul,Richmond VIC 3121
Chefs/Cooks (Grades 1-5),Gold Coast Tavern,Bundall QLD 4217
Cook,Busy Bees,Yokine WA+5 locations
"Cooks, Chefs, Kitchen Attendants - Bundaberg QLD",Rashays Cafes and Restaurants,Bundaberg QLD 4670+5 locations
Part Time Grill Cooks at Mad Mex (Doncaster),Mad Mex (Doncaster),Doncaster VIC 3108
Good Food Attendant (Short Hand Cook) - The Coffee Club Bude...,The Coffee Club,Buderim QLD
Cook,Home Specialty Coffee,Kirrawee NSW 2232
Chef / Cook-Iconic Hotel-Outback Queensland,MLKA,Cairns QLD
Full Time Cook - The Butler Potts Point,Australia Chef Migration,Potts Point NSW 2011
Pizza cook,Arrivederci Pizza,Milton QLD
Seoul Express Hindley - Cook Position,Seoul Express Restaurant Group Pty Ltd,Adelaide CBD SA 5000
Cook/kitchen hand/wait staff : Bansang korean restaurant,Bansang korean Restaurant,Castle Hill NSW 2154
Chef / Cook,Indoor Playcentre,Dingley Village VIC 3172
Short Order Cook,Jamaica Blue Sunshine Plaza,Maroochydore QLD 4558
Cooks and Grillers,R&B Grillhouse,Drummoyne NSW 2047
Kitchen Assistant and Cook - Multiple Roles,Mama Le,Kensington VIC 3031
FIFO Cook/Chef,BBB Remote Site Services,Maddington WA
Chef/Cook,Baptcare,Morwell VIC 3840
Chef/Cook,Baptcare,Morwell VIC 3840
Pastry Cook,MARCIANOS CAKES,Clayton VIC 3168
"Chef/Cook - based in Golden Beach, QLD",Copper Spoon Thai restaurant,Queensland
Cook / Barista,Quest Coffee Roasters,Burleigh Heads QLD 4220
Trainee for Japanese hot meal cook,Sakura Japanese Cuisine,Kings Langley NSW 2147
Cook - Marriott Waters,Schnitz,Lyndhurst VIC
Chefs and Cooks,The Tav Sports Bar,Karratha WA
Cook,BD Aroma Pty Ltd,The Entrance NSW 2261
Cook,Mr. alpaca coffee,Woolloongabba QLD 4102
Cook / Canteen Assistant,MSP Photography,Heathmont VIC 3135
Cook / Chef,Topgun Catering,Fyshwick ACT 2609
Apprentice Cook,MEGT Australia Ltd,Cairns City QLD+17 locations
Chefs/Cooks (Grades 1-5),Hotel CBD,Varsity Lakes QLD 4227
Line Cooks & Chefs Knox,The Sporting Globe (Watergardens),Wantirna South VIC
"Seoul Express Firle - Chef, Cook Position",Seoul Express Restaurant Group Pty Ltd,Firle SA
Line Cooks & Chefs Knox,The Sporting Globe (Watergardens),Wantirna South VIC
"Seoul Express Firle - Chef, Cook Position",Seoul Express Restaurant Group Pty Ltd,Firle SA
Back of House Team Member,Oporto,North Sydney NSW 2060
Cook/ Chef,Table 26,West End QLD 4101
Cook/Kitchen Hand,Cafe Tamworth,Tamworth NSW 2340
Cook/Kitchen Hand (BP Eastern Creek) IMMEDIATE HIRING!!,Burger Point,Eastern Creek NSW 2766+1 location
Cook,Burger Republic,Hyde Park SA
Cook Brisbane CBD,Corbett & Claude,Brisbane QLD 4000
Intermodal Cook Depot - Caretaker,Pacific National,Port Augusta SA
Cook/Kitchenhand,Juniper Hillcrest,Geraldton WA
Cook,Good Food Emporium,Narre Warren VIC
Cook,CoffeeCup,St Kilda VIC 3182
Cook,Wyndham Destinations,Surfers Paradise QLD
Cafe cook,Hox Cafe,Hoxton Park NSW 2171
Line Cook,Husk Distillers,Tumbulgum NSW 2490
Cook,Wyndham Destinations,Surfers Paradise QLD
Cafe cook,Hox Cafe,Hoxton Park NSW 2171
Line Cook,Husk Distillers,Tumbulgum NSW 2490
Cooks/Kitchen Hands/Food Service Assistants,Royal Freemasons Ltd,Benalla VIC 3671
Chefs & Cooks - Sydney Casual Pool,Compass Group,Sydney Central Business District NSW
Experienced Cook/Chef,Meraki Group - Pinocchios Wine & Pizza Bar,Gosford NSW 2250
"Cook - Commonwealth Hill, SA",Jumbuck Pastoral,South Australia+1 location
Supplyperson (Cook),Mastermyne Group,Mackay QLD
Cook,Southern Cross Care (WA) Inc,Kalgoorlie WA 6430
Cook,Munch Bunch Pty Ltd,Tweed Heads NSW
Qualified Chef / Cook,Royal Hotel Yarraman,Yarraman QLD 4614
Part Time Cook or Experienced Kitchen Hand,PPC Mornington Pty Ltd,Mornington VIC
Cook,The Langham Melbourne,Southbank VIC 3006
Cook/Chef,Fasta Pasta Port Adelaide,Port Adelaide SA 5015
Cook,Raw Energy Caf\xc3\xa9,Brisbane QLD 4000
Commis Chef / Cook,Catering Solutions,Zillmere QLD 4034
Casual Chef/Cook,Yugo Canteen Pty Ltd,Maroochydore QLD 4558
Cook/Prep - Kawana,Guzman y Gomez,Buddina QLD 4575
Chef/Cook,Get Employed,Brisbane QLD
Cook,Catholic Healthcare,Grafton NSW 2460
Chefs & Cooks - Perth Casual Pool,Compass Group,Perth WA+2 locations
Cook/Chef,Blackman's Brewery,Geelong VIC
Chef/ Short order cook,Specialty Coffee Trader Fairfield,Idalia QLD 4811
CHEFS & COOKS - Moama NSW,Moama,Moama NSW 2731
Kitchen Hand/Cook,CAFE MELOGRANO,Subiaco WA
Kitchen Assistant/Cook,United Protestant Association of NSW LTD,Orange NSW 2800
Banquets - Line Cook,Ojai Valley Inn,Normanhurst NSW 2076
Chef/Cook,The Coffee Club Greensborough,Greensborough VIC 3088
Cook | Retirement Community | Port Macquarie,Australian Unity,Port Macquarie NSW 2444
Cook,Burgertory,Fairfield VIC 3078
Pizza cook,MONTE CARLO RESTAURANT,Riverwood NSW 2210
Chefs/Cooks (Grades 1-5),The Mill Hotel,Milperra NSW 2214
Child Care Centre Cook,Southern NSW Local Health District,Sydney Western Suburbs NSW
Cook,Kew SRS,Kew VIC 3101
Cook/Chef,Cafe Leongatha,Leongatha VIC
Centre Cook | Child Care and Early Education,Communities@Work,Canberra ACT
Cook,Sushi Sushi,Hawksburn VIC+1 location
Cook,Medical And Aged Care Group,Boronia VIC 3155
Grill Cook,The Greek grill on high,Epping VIC 3076
Senior Cook,Burger Republic,Henley Beach SA
Line Cook,Hospoworld Resourcing,Sydney NSW
Cook / Commis Chef,Jonah\xe2\x80\x99s Restaurant & Boutique Hotel,Whale Beach NSW
Customer Service Representative / Cook,BP Retail,Pilbara WA
Cook/Support Worker,G8 Education,Melbourne Western Suburbs VIC
Cook - Brand New Centre - Great Beginnings Canning Vale,G8 Education,Perth WA
Cook,Sushi Sushi,Hawksburn VIC+1 location
Cook,Medical And Aged Care Group,Boronia VIC 3155
Grill Cook,The Greek grill on high,Epping VIC 3076
Senior Cook,Burger Republic,Henley Beach SA
Line Cook,Hospoworld Resourcing,Sydney NSW
Cook / Commis Chef,Jonah\xe2\x80\x99s Restaurant & Boutique Hotel,Whale Beach NSW
Customer Service Representative / Cook,BP Retail,Pilbara WA
Cook/Support Worker,G8 Education,Melbourne Western Suburbs VIC
Cook - Brand New Centre - Great Beginnings Canning Vale,G8 Education,Perth WA
Experienced Short Order Cook/Kitchen Team Member,The Coffee Club Galleria,Morley WA
Pastry Cook,Rustica Sourdough,South Yarra VIC 3141
Team Member,KFC,Brisbane QLD
Kitchen Hand/Cook,Airport Retail Enterprises,Bilinga QLD 4225
Cooks/chefs and kitchen hands wanted,General Public Melbourne,Dingley VIC
Part-Time Evening Cook | Ringwood Area,Trippas White Group,Rokewood VIC
Kitchen Hand/Cook,Airport Retail Enterprises,Bilinga QLD 4225
Cooks/chefs and kitchen hands wanted,General Public Melbourne,Dingley VIC
Part-Time Evening Cook | Ringwood Area,Trippas White Group,Rokewood VIC
Sandwich Hand,Smith Street Alimentari,Collingwood VIC 3066
Cook/Kitchen Hand,Pancake Pantry,Upper Mount Gravatt QLD 4122
Cook,Cam's Kiosk,Abbotsford VIC 3067
Cook / Kitchen Hand - for Childcare,Orchard ELC,Sydney NSW
Kitchen Hand / Cook / Allrounder - Day Shift (Monday - Frida...,Botany Bites Catering,Matraville NSW 2036
Grill Chef,The Meat & Wine Co,Malvern East VIC 3145+2 locations
Childcare Cook,North Wyong Early Learning Centre,Wyong NSW 2259
Chef/Cook : Kaito Japanese Kitchen,Kaito Japanese Kitchen,Rouse Hill NSW 2155
Cook,Multicultural Aged Care Illawarra,Warrawong NSW 2502
Chef/cooks,Espresso Max Cafe,Brisbane QLD+1 location
Line Cook,Colonial Foods,Somersby NSW 2250
Chef /Cook,Bivefa pty ltd,Carlton VIC 3053
Cook - Parkmore,Schnitz,Keysborough VIC
Cook,Schnitz South Melbourne,South Melbourne VIC
Chefs/Cooks (Grades 1-5),Mermaid Beach Tavern,Mermaid Beach QLD 4218
Cook - Juninga Centre,Australian Regional and Remote Community Services,Darwin NT 0800
Cook - Newcastle Airport,Cater Care,Newcastle NSW
Pastry Cook/Chef,Easy Payroll Global & HR,Caringbah NSW
Cook - Sak\xc3\xa9 Restaurant & Bar Manly,Sak\xc3\xa9 Restaurant & Bar,Manly NSW
Cook,Baptistcare SA,Adelaide Region SA+1 location
Cook,Help Entreprises,Eagle Farm QLD
Cook - The Glen,Schnitz,Glen Waverley VIC
Cook/Kitchen Hand/Delivery driver,Cliffe\xe2\x80\x99s,Queenscliff VIC 3225
Station Cook,Harvest Road,Pilbara WA
Cook,Watering Hole Hotels,Bathurst NSW 2795
Cook/Kitchen Hand,Pepe's Mexican,Newmarket QLD 4051
Cook,Kidd & Co Group Pty Ltd,Wollongong NSW 2500
Breakfast Cook,Maccoa Restaurant Terrigal,Wamberal NSW 2260
Cafe Chef / Cook Part-Time,Wildlife Currumbin Sanctuary,Currumbin QLD
COOK,Clarendon Street Community Child Care Centre,Cranbourne VIC 3977
Cook,Tetto Rooftop Bar,Everton Park QLD 4053
Chef/Cook,Burger shurger Williamstown,Williamstown VIC 3016
Cafe Chef / Cook Part-Time,National Trust of Australia (Queensland),Currumbin QLD 4223
Cook,ROBUG PTY LTD t/as Hotel,Cowes VIC 3922
Pastry and dessert Chef/Cook,Western Growers Fresh,Busselton WA
"Team Members (Retail, Baristas and Kitchen) - South Hedland",Ampol,South Hedland WA
Kitchen Hand/Cook,Ausome Chicken,Meadowbrook QLD
Cook/Kitchen Hand (Roll'd North Lakes),Roll'd North Lakes,North Lakes QLD
Centre Cook,Deep Creek Child Care Centre,Melbourne Eastern Suburbs VIC
Cook and Food Services Assistant,\xc3\x81rp\xc3\xa1d Aged Care,Wantirna VIC 3152
Station Cook - FW,AG Workforce,Windorah QLD
Cook,Boort District Health,Boort VIC 3537
Kitchen Hand/Cook,Ausome Chicken,Meadowbrook QLD
Cook/Kitchen Hand (Roll'd North Lakes),Roll'd North Lakes,North Lakes QLD
Cook and Food Services Assistant,\xc3\x81rp\xc3\xa1d Aged Care,Wantirna VIC 3152
Station Cook - FW,AG Workforce,Windorah QLD
Cook,Boort District Health,Boort VIC 3537
Centre Cook/Chef/Kitchen Hand,Bristol Group,Mudgee NSW 2850
Barista/All Rounder,Espresso Max Cafe,Chermside QLD 4032
Cook,Teagardens Boatshed,Tea Gardens NSW
Cook/Kitchen Hand,Kafe on Hemmings,Dandenong VIC 3175
Customer Service Representative,Epping Star Eatery Pty Ltd,Epping NSW 2121
Full time cook,Carnegie Korean BBQ Restaurant,Carnegie VIC 3163
Cook Supervisors,The GEO Group Australia,Junee NSW
Cook - The Bavarian Shellharbour & Wollongong NSW,The Bavarian,Shellharbour NSW
Take away cook,Edgie eats,Edgeworth NSW 2285
Canteen Cook (Fixed Term),Simplot,Echuca VIC 3564
Cook,Villa Maria Catholic Homes,Balwyn VIC 3103+1 location
Chef/Cook - Regional Vic - Accommodation/Sponsorship/WIFI -...,Rapid Staff Recruitment,Melbourne VIC
Support Worker Cook,ECTARC,Young NSW
Childcare Cook,G8 Education,Bendigo VIC+19 locations
Cooks/Cleaners/Kitchen Hands Toowoomba,Recruitment 24/7,Toowoomba QLD+3 locations
Cooks and Kitchen Hands,Hubert Estate,Coldstream VIC 3770
Cook/Barista,Nudgee Road Kitchen,Hendra QLD 4011
Cook / Kitchen All Rounder,Seven Star Group P/L,South Brisbane QLD 4101
Kitchen Hand / Short Order Cook,Jamaica Blue Waterford Plaza,Karawara WA 6152
Cook for kitchen in a take away shop,Ozi Kebab,Redbank Plains QLD
Full Time Cook - The Botanist Kirribilli,Australia Chef Migration,Kirribilli NSW 2061
Chefs & Cooks - Mount Eliza,Compass Group,Frankston VIC 3199+1 location
CHEF / COOK,Pancho's Mexican Villa Restaurant,East Victoria Park WA 6101
"Chefs / Cooks / Kitchen Hands - FT, PT, CAS Available",Pullman Bunker Bay Resort,Dunsborough WA 6281
ERZ Controller (Cook Colliery),Mastermyne Group,Mackay QLD
Team Members - Point Cook,Oporto,Point Cook VIC 3030
Cook/Kitchen Hand,Prosciutto Bros. Craft Bar,Eltham VIC 3095
Early Childhood Cook,Only About Children,Hampton VIC 3188
Short Order Cook,Mot Hai Ba Cheers,Northgate QLD 4013
Casual Cook,Only About Children,Melbourne VIC 3000
Centre Cook,Expect A Star,Sydney NSW
Cook and Kitchen Hand,Le Clec Caffe,Hawthorn VIC
Chefs & Cooks | LUCAS Restaurants | Relocate to Melbourne or...,LUCAS Restaurants,Hobart TAS 7000+5 locations
Trade Cooks (As per award),Bairnsdale Regional Health Service,Gippsland VIC
COOK - GYG BUNDALL,Guzman y Gomez,Surfers Paradise QLD 4217
Cook / Chef,RXE,Carindale QLD
Casual Cook,Goodstart Early Learning,Paralowie SA
Breakfast Cook,yeronga cafe,Yeronga QLD
Chef / Cook,Recruit Personnel,Merewether NSW 2291
Cook,Barrelhouse Armadale,Armadale WA 6112
Casual Cook,Goodstart Early Learning,Paralowie SA
Breakfast Cook,yeronga cafe,Yeronga QLD
Chef / Cook,Recruit Personnel,Merewether NSW 2291
Cook,Barrelhouse Armadale,Armadale WA 6112
Chefs/Cooks,ARG Workforce,Kilcoy QLD 4515+2 locations
Pastry Cook Assistant,Club Med,Australia
Retail Team Member - Kitchen - Mt Victoria,Ampol,New South Wales
Chef/Cook,Randstad,Sale VIC
Casual Asian Cuisine Chef/Cook,Peko Peko,Attadale WA
Cook,Bar Orient,Fremantle WA
COOK - GYG BROADBEACH,Guzman y Gomez,Gold Coast QLD
Kitchen Hand/Cook,New York Minute,Mill Park VIC 3082
Casual/PPT/Full Time Cook,Mets on Kings - The Caloundra Surf Club,Kings Beach QLD 4551
Kiosk Short Order Cook,Voyages Indigenous Tourism Australia,Uluru National Park NT
Cook,Australian Nursing Home Foundation Limited,Granville NSW
Casual/PPT/Full Time Cook,Mets on Kings - The Caloundra Surf Club,Kings Beach QLD 4551
Kiosk Short Order Cook,Voyages Indigenous Tourism Australia,Uluru National Park NT
Cook,Australian Nursing Home Foundation Limited,Granville NSW
Cook/Kitchen Hand,BBQ-K,Glen Waverley VIC 3150
5 Boroughs | Chefs & Cooks **$500 Signing Bonus**,5 Boroughs,Carseldine QLD 4034
Cook/Kitchen Hand,Hogsbreath cafe,Mooloolaba QLD
Centre Cook - Safe Haven Initiative,Uniting Victoria & Tasmania,Melbourne City Centre VIC
Short Order Cook,Retail Food Group,Raymond Terrace NSW
Cook - Munich Brauhaus Melbourne,Munich,Melbourne VIC
Chefs and Cooks - FIFO Remote Sites,HAYS,Adelaide Region SA
Catering Officer - Cook,RFBI,Concord NSW 2137+1 location
Cook/Kitchen Hand,Spanish Bar Buderim,Buderim QLD 4556
Cook/Kitchen Hand,Aykut Turk pty Ltd,Jindalee QLD 4074
Part-time Cleaners Point Cook,Silvans Facility Services,Point Cook VIC
Early Childhood Cook/Chef,Affinity Education Group,Perth WA
Cook / Chef / Supervisor,D\xc3\xb4me Coffees,East Fremantle WA 6158
Chefs & Cooks | National Gallery of Victoria,Compass Group,Melbourne VIC 3000
Cook,Indian Brothers Restaurant,Taringa QLD
Cook/Chef/Food Services Attendant,Fronditha Care,Clayton VIC
Pastry Cook,Bonjour De France,Blackburn VIC 3130
Chef/Cook,Guardian Childcare & Education,Altona North VIC+3 locations
Chef/Cook - Aged Care,Doutta Galla Aged Services,Moonee Ponds VIC 3039
Cook Extraordinaire - Brisbane,Johnathan Thurston Academy,Brisbane QLD
Kitchen Hand/Cook,Francis Bean,Alexandra Headland QLD 4572
Cook/Chef,saint jaxie cafe,Malvern VIC 3144
Cook/Customer Service,Gusto\xe2\x80\x99s Gourmet Pizza and Pasta Algester,Calamvale QLD 4116
Japanese Restaurant Cook/Chef,T&T Management Group Pty Ltd,Richmond VIC 3121
Cook/Kitchen Hand/waitstaff,JB SUSHI Pty Ltd,Forest Lake QLD 4078
Chef de Partie,Spare Staff,Green Valley NSW 2168
Cook,McLean Care,Gunnedah NSW 2380+1 location
"HIRING* Bar tender, pizza maker, chef, kitchen hand, supervi...",La Calabrese at Ocean,Surfers Paradise QLD 4217
On Going Cook Northern Beaches,HAYS,Sydney NSW
Pastry Cook,Bake Bar,Randwick NSW 2031
Casual Cook,Homestead Tavern,Boondall QLD 4034
Broiler Cook,TGI Fridays Asia Pacific Pty Ltd,Oaklands Park SA 5046
Kitchen Hands & Cooks - Daisy Hill,Sports Club Catering,Daisy Hill QLD+2 locations
Cook/Chef,Saccas Fine Foods,Broadmeadows VIC 3047+1 location
Chef/Cook,Kickon Group,Melbourne VIC
Casual Cook,Mayfield Childcare Limited,Sunbury VIC
Pizza cook,The Sourdough Crust Co,Ipswich QLD 4305
Chef/Cook,The Graduate Union of the University of Melbourne...,Carlton VIC 3053
Part-time Childcare Cook,G8 Education,Adelaide Region SA+6 locations
Chef/Cook,Cornerstone HR,Brisbane QLD
Cooks & Chefs,ARG Workforce,Samford QLD 4520
Cook,Aveo,Murwillumbah NSW 2484
Cook,Cabrini Health,Malvern VIC
Childcare Cook,AURORA EARLY LEARNING CENTRE,Frenchs Forest NSW 2086
Production Team Member - Process Workers (Casuals),Marley Spoon,Wetherill Park NSW
Line Cook/Chef,Georges Restaurant Bar Cafe,Camberwell VIC 3124
"Cooks and Kitchen Hands - Derby, WA",Extend Oz,Darwin NT
"Hurricane's Grill is looking for Chefs, Cooks & Kitchen Atte...","Hurricane's Grill, Brighton Le Sands",Sydney NSW
Pastry Chef / Pastry Cook,Jonah\xe2\x80\x99s Restaurant & Boutique Hotel,Whale Beach NSW
Casual Cooks,Warramunda Village,Kyabram VIC 3620
Cook,Sunset at the coast,Port Noarlunga South SA 5167
Trade Cook / Chef,Wintringham,Avondale Heights VIC
Pans Chef,The Meat & Wine Co,Sydney NSW 2000
Cook | Super Yacht,OSM Maritime,Perth WA
Part-time Cook/Kitchen Hand,Pepper Lunch Doncaster,Doncaster VIC 3108
Chef / Cook,NutBug,Prahran VIC
"Cook, Regis Elermore Vale",Regis Aged Care,Elermore Vale NSW
Kitchen Hands & Cooks - Mt Gravatt,Sports Club Catering,Mount Gravatt QLD
chef de partie / experienced cook,Cliffy's Emporium,Daylesford VIC
Pastry Cook/ Baker,Donnybrook Rd Bakery,Norlane VIC 3214
Kitchen Hand/Cook,Taiko Sushi,Balaclava VIC
Cook,Baba Shrichand Pty Ltd T/A The Miss India,Waterford West QLD 4133
Chef - Cook - Kitchen Hand,Cheeky Poke Bar,Stones Corner QLD 4120
Pastry Cook,Il Panino Bakery,Maddington WA
Station Cook- Davenport Downs QLD,Paraway,Winton QLD 4735
Centre Cook,Explorers Early Learning,Brighton East VIC 3187
Pastry Chef or Experienced Pastry Cook,Fergys Honest to Goodness Food,Dandenong VIC 3175
Cook - GYG VICTORIA POINT,Guzman y Gomez,Victoria Point QLD 4165
Temp - Cooks and Chefs,Signature Staff,Cairns QLD
Cook | Somerton,Compass Group,Truganina VIC 3029+1 location
NEW STORE CAMPBELLFIELD MELBOURNE - COOKS,Guzman y Gomez,Fawkner VIC 3060
Kitchen Hand/Cook,Frank Beach,Coolum Beach QLD 4573
Childcare Centre Cook,Schools of Early Learning,Subiaco WA
Child Care Cook - St Nicholas Medowie,St Nicholas Early Education,Medowie NSW
Cook,Wokitup Conder,Conder ACT 2906
Full Time Cook - Plough & Ale Inn,Australia Chef Migration,Albion Park Rail NSW 2527
"School Counsellor (Sunshine, Roxburgh Park or Point Cook)",CatholicCare Victoria,Point Cook VIC
Fun Uni Students for Kids After School Program - Point Cook,Code Camp,Point Cook VIC
Kitchen Hand/Cook,Triben Recruitment,Gold Coast QLD
Takeaway Cook-Spectacular Kimberley Region-Remote Western Au...,MLKA,Remote in Broome WA
BOH / Kitchen / Grill Cook,Mad Mex,Mount Druitt NSW 2770
Cook,Belgravia Health & Leisure Group Pty Ltd,Guilderton WA 6041
Chefs/Cooks - Max Of 40 Hrs Per Week - Great Work/Life Balan...,Rapid Staff Recruitment,Upper Coomera QLD
Casual Chefs & Cooks | Canberra,Pinnacle People,Canberra ACT
Chefs/Cooks,Works 4 You,Sydney Western Suburbs NSW
Grill cook,Lone Star Rib House,North Lakes QLD
Cook/Food Services Assistant,Medical And Aged Care Group,Hughesdale VIC 3166
Takeaway Cook-Spectacular Kimberley Region-Remote Western Au...,MLKA,Remote in Broome WA
BOH / Kitchen / Grill Cook,Mad Mex,Mount Druitt NSW 2770
Cook,Belgravia Health & Leisure Group Pty Ltd,Guilderton WA 6041
Chefs/Cooks - Max Of 40 Hrs Per Week - Great Work/Life Balan...,Rapid Staff Recruitment,Upper Coomera QLD
Casual Chefs & Cooks | Canberra,Pinnacle People,Canberra ACT
Chefs/Cooks,Works 4 You,Sydney Western Suburbs NSW
Grill cook,Lone Star Rib House,North Lakes QLD
Talented Chef,Black Elk Espresso,Carnes Hill NSW
Cook/Food Services Assistant,Medical And Aged Care Group,Hughesdale VIC 3166
Chef/Cook,Skout Solutions,Sale VIC
Expression of Interest: Customer Service Representative / Co...,BP Retail,Geraldton WA
Cook - Great opportunity,Hospoworld Resourcing,Melbourne VIC
Pastry Cook,The Langham Melbourne,Southbank VIC 3006
Cook/Kitchen Hand,Sakura Kaiten sushi,Melbourne VIC
Cook (Full Time & Part Time),Nourished Pty Ltd,Docklands VIC 3008
